Type,Value,Type,Value
Data Source,Orbital_cold_case_7_12_25_chained_3 : TMD : ACUBESAT_7_12_25_ORBITAL,Data Source,Orbital_cold_case_7_12_25_chained_4 : TMD : ACUBESAT_7_12_25_ORBITAL
Element,H001_powerApplied,Element,H001_powerApplied
,,,
,,,
Time[s],Value,Time[s],Value
0.0,0.0,0.0,0.0
200.0,0.0,200.0,0.828
400.0,0.0,400.0,0.828
600.0,0.0,600.0,0.828
800.0,0.0,800.0,0.828
1000.0,0.0,1000.0,0.828
1200.0,0.0,1200.0,0.828
1400.0,0.0,1400.0,0.828
1600.0,0.0,1600.0,0.828
1800.0,0.0,1800.0,0.828
2000.0,0.0,2000.0,0.828
2200.0,0.0,2200.0,0.828
2400.0,0.0,2400.0,0.828
2600.0,0.0,2600.0,0.828
2800.0,0.0,2800.0,0.828
3000.0,0.0,3000.0,0.828
3200.0,0.0,3200.0,0.828
3400.0,0.0,3400.0,0.828
3600.0,0.0,3600.0,0.828
3800.0,0.0,3800.0,0.828
4000.0,0.0,4000.0,0.828
4200.0,0.0,4200.0,0.828
4400.0,0.0,4400.0,0.828
4600.0,0.0,4600.0,0.828
4800.0,0.0,4800.0,0.828
5000.0,0.0,5000.0,0.828
5200.0,0.0,5200.0,0.828
5400.0,0.0,5400.0,0.828
5600.0,0.0,5600.0,0.828
5800.0,0.0,5800.0,0.828
6000.0,0.0,6000.0,0.828
6200.0,0.0,6200.0,0.828
6400.0,0.0,6400.0,0.828
6600.0,0.0,6600.0,0.828
6800.0,0.0,6800.0,0.828
7000.0,0.0,7000.0,0.828
7200.0,0.0,7200.0,0.828
7400.0,0.0,7400.0,0.828
7600.0,0.0,7600.0,0.828
7800.0,0.0,7800.0,0.828
8000.0,0.0,8000.0,0.828
8200.0,0.0,8200.0,0.828
8400.0,0.0,8400.0,0.828
8600.0,0.0,8600.0,0.828
8800.0,0.0,8800.0,0.828
9000.0,0.0,9000.0,0.828
9200.0,0.0,9200.0,0.828
9400.0,0.0,9400.0,0.828
9600.0,0.0,9600.0,0.828
9800.0,0.0,9800.0,0.828
10000.0,0.0,10000.0,0.828
10200.0,0.0,10200.0,0.828
10400.0,0.0,10400.0,0.828
10600.0,0.0,10600.0,0.828
10800.0,0.0,10800.0,0.828
11000.0,0.0,11000.0,0.828
11200.0,0.0,11200.0,0.828
11400.0,0.0,11400.0,0.828
11600.0,0.0,11600.0,0.828
11800.0,0.0,11800.0,0.828
12000.0,0.0,12000.0,0.828
12200.0,0.0,12200.0,0.828
12400.0,0.0,12400.0,0.828
12600.0,0.0,12600.0,0.828
12800.0,0.0,12800.0,0.828
13000.0,0.0,13000.0,0.828
13200.0,0.0,13200.0,0.828
13400.0,0.0,13400.0,0.828
13600.0,0.0,13600.0,0.828
13800.0,0.0,13800.0,0.828
14000.0,0.0,14000.0,0.828
14200.0,0.0,14200.0,0.828
14400.0,0.0,14400.0,0.828
14600.0,0.0,14600.0,0.828
14800.0,0.0,14800.0,0.828
15000.0,0.0,15000.0,0.828
15200.0,0.0,15200.0,0.828
15400.0,0.0,15400.0,0.828
15600.0,0.0,15600.0,0.828
15800.0,0.0,15800.0,0.828
16000.0,0.0,16000.0,0.828
16200.0,0.0,16200.0,0.828
16400.0,0.0,16400.0,0.828
16600.0,0.0,16600.0,0.828
16800.0,0.0,16800.0,0.828
17000.0,0.0,17000.0,0.828
17200.0,0.0,17200.0,0.828
17400.0,0.0,17400.0,0.828
17600.0,0.0,17600.0,0.828
17800.0,0.0,17800.0,0.828
18000.0,0.0,18000.0,0.828
18200.0,0.0,18200.0,0.828
18400.0,0.0,18400.0,0.828
18600.0,0.0,18600.0,0.828
18800.0,0.0,18800.0,0.828
19000.0,0.0,19000.0,0.828
19200.0,0.0,19200.0,0.828
19400.0,0.0,19400.0,0.828
19600.0,0.0,19600.0,0.828
19800.0,0.0,19800.0,0.828
20000.0,0.0,20000.0,0.828
20200.0,0.0,20200.0,0.828
20400.0,0.0,20400.0,0.828
20600.0,0.0,20600.0,0.828
20800.0,0.0,20800.0,0.828
21000.0,0.0,21000.0,0.828
21200.0,0.0,21200.0,0.828
21400.0,0.0,21400.0,0.828
21600.0,0.0,21600.0,0.828
21800.0,0.0,21800.0,0.828
22000.0,0.0,22000.0,0.828
22200.0,0.0,22200.0,0.828
22400.0,0.0,22400.0,0.828
22600.0,0.0,22600.0,0.828
22800.0,0.0,22800.0,0.828
23000.0,0.0,23000.0,0.828
23200.0,0.0,23200.0,0.828
23400.0,0.0,23400.0,0.0
23600.0,0.0,23600.0,0.0
23800.0,0.0,23800.0,0.0
24000.0,0.0,24000.0,0.0
24200.0,0.0,24200.0,0.0
24400.0,0.0,24400.0,0.0
24600.0,0.0,24600.0,0.0
24800.0,0.0,24800.0,0.0
25000.0,0.0,25000.0,0.0
25200.0,0.0,25200.0,0.0
25400.0,0.0,25400.0,0.0
25600.0,0.0,25600.0,0.0
25800.0,0.0,25800.0,0.828
26000.0,0.0,26000.0,0.828
26200.0,0.0,26200.0,0.828
26400.0,0.0,26400.0,0.828
26600.0,0.0,26600.0,0.828
26800.0,0.0,26800.0,0.828
27000.0,0.0,27000.0,0.828
27200.0,0.0,27200.0,0.828
27400.0,0.0,27400.0,0.828
27600.0,0.0,27600.0,0.828
27800.0,0.0,27800.0,0.828
28000.0,0.0,28000.0,0.828
28200.0,0.0,28200.0,0.828
28400.0,0.0,28400.0,0.828
28600.0,0.0,28600.0,0.828
28800.0,0.0,28800.0,0.828
29000.0,0.0,29000.0,0.828
29200.0,0.0,29200.0,0.828
29400.0,0.0,29400.0,0.828
29600.0,0.0,29600.0,0.828
29800.0,0.0,29800.0,0.828
30000.0,0.0,30000.0,0.828
30200.0,0.0,30200.0,0.828
30400.0,0.0,30400.0,0.0
30600.0,0.0,30600.0,0.0
30800.0,0.0,30800.0,0.0
31000.0,0.0,31000.0,0.0
31200.0,0.0,31200.0,0.0
31400.0,0.0,31400.0,0.0
31600.0,0.0,31600.0,0.0
31800.0,0.0,31800.0,0.0
32000.0,0.0,32000.0,0.0
32200.0,0.0,32200.0,0.0
32400.0,0.0,32400.0,0.0
32600.0,0.0,32600.0,0.0
32800.0,0.0,32800.0,0.828
33000.0,0.0,33000.0,0.828
33200.0,0.0,33200.0,0.828
33400.0,0.0,33400.0,0.828
33600.0,0.0,33600.0,0.828
33800.0,0.0,33800.0,0.828
34000.0,0.0,34000.0,0.828
34200.0,0.0,34200.0,0.828
34400.0,0.0,34400.0,0.828
34600.0,0.0,34600.0,0.828
34800.0,0.0,34800.0,0.828
35000.0,0.0,35000.0,0.828
35200.0,0.0,35200.0,0.828
35400.0,0.0,35400.0,0.828
35600.0,0.0,35600.0,0.828
35800.0,0.0,35800.0,0.828
36000.0,0.0,36000.0,0.828
36200.0,0.0,36200.0,0.828
36400.0,0.0,36400.0,0.828
36600.0,0.0,36600.0,0.828
36800.0,0.0,36800.0,0.0
37000.0,0.0,37000.0,0.0
37200.0,0.0,37200.0,0.0
37400.0,0.0,37400.0,0.0
37600.0,0.0,37600.0,0.0
37800.0,0.0,37800.0,0.0
38000.0,0.0,38000.0,0.0
38200.0,0.0,38200.0,0.0
38400.0,0.0,38400.0,0.0
38600.0,0.0,38600.0,0.0
38800.0,0.0,38800.0,0.0
39000.0,0.0,39000.0,0.0
39200.0,0.0,39200.0,0.828
39400.0,0.0,39400.0,0.828
39600.0,0.0,39600.0,0.828
39800.0,0.0,39800.0,0.828
40000.0,0.0,40000.0,0.828
40200.0,0.0,40200.0,0.828
40400.0,0.0,40400.0,0.828
40600.0,0.0,40600.0,0.828
40800.0,0.0,40800.0,0.828
41000.0,0.0,41000.0,0.828
41200.0,0.0,41200.0,0.828
41400.0,0.0,41400.0,0.828
41600.0,0.0,41600.0,0.828
41800.0,0.0,41800.0,0.828
42000.0,0.0,42000.0,0.828
42200.0,0.0,42200.0,0.828
42400.0,0.0,42400.0,0.828
42600.0,0.0,42600.0,0.828
42800.0,0.0,42800.0,0.828
43000.0,0.0,43000.0,0.0
43200.0,0.0,43200.0,0.0
43400.0,0.0,43400.0,0.0
43600.0,0.0,43600.0,0.0
43800.0,0.0,43800.0,0.0
44000.0,0.0,44000.0,0.0
44200.0,0.0,44200.0,0.0
44400.0,0.0,44400.0,0.0
44600.0,0.0,44600.0,0.0
44800.0,0.0,44800.0,0.0
45000.0,0.0,45000.0,0.0
45200.0,0.0,45200.0,0.0
45400.0,0.0,45400.0,0.828
45600.0,0.0,45600.0,0.828
45800.0,0.0,45800.0,0.828
46000.0,0.0,46000.0,0.828
46200.0,0.0,46200.0,0.828
46400.0,0.0,46400.0,0.828
46600.0,0.0,46600.0,0.828
46800.0,0.0,46800.0,0.828
47000.0,0.0,47000.0,0.828
47200.0,0.0,47200.0,0.828
47400.0,0.0,47400.0,0.828
47600.0,0.0,47600.0,0.828
47800.0,0.0,47800.0,0.828
48000.0,0.0,48000.0,0.828
48200.0,0.0,48200.0,0.828
48400.0,0.0,48400.0,0.828
48600.0,0.0,48600.0,0.828
48800.0,0.0,48800.0,0.828
49000.0,0.0,49000.0,0.0
49200.0,0.0,49200.0,0.0
49400.0,0.0,49400.0,0.0
49600.0,0.0,49600.0,0.0
49800.0,0.0,49800.0,0.0
50000.0,0.0,50000.0,0.0
50200.0,0.0,50200.0,0.0
50400.0,0.0,50400.0,0.0
50600.0,0.0,50600.0,0.0
50800.0,0.0,50800.0,0.0
51000.0,0.0,51000.0,0.0
51200.0,0.0,51200.0,0.0
51400.0,0.0,51400.0,0.828
51600.0,0.0,51600.0,0.828
51800.0,0.0,51800.0,0.828
52000.0,0.0,52000.0,0.828
52200.0,0.0,52200.0,0.828
52400.0,0.0,52400.0,0.828
52600.0,0.0,52600.0,0.828
52800.0,0.0,52800.0,0.828
53000.0,0.0,53000.0,0.828
53200.0,0.0,53200.0,0.828
53400.0,0.0,53400.0,0.828
53600.0,0.0,53600.0,0.828
53800.0,0.0,53800.0,0.828
54000.0,0.0,54000.0,0.828
54200.0,0.0,54200.0,0.828
54400.0,0.0,54400.0,0.828
54600.0,0.0,54600.0,0.828
54800.0,0.0,54800.0,0.828
55000.0,0.0,55000.0,0.0
55200.0,0.0,55200.0,0.0
55400.0,0.0,55400.0,0.0
55600.0,0.0,55600.0,0.0
55800.0,0.0,55800.0,0.0
56000.0,0.0,56000.0,0.0
56200.0,0.0,56200.0,0.0
56400.0,0.0,56400.0,0.0
56600.0,0.0,56600.0,0.0
56800.0,0.9999993000000004,56800.0,0.0
57000.0,0.0,57000.0,0.0
57200.0,0.0,57200.0,0.0
57400.0,0.0,57400.0,0.828
57600.0,0.0,57600.0,0.828
57800.0,0.0,57800.0,0.828
58000.0,0.0,58000.0,0.828
58200.0,0.0,58200.0,0.828
58400.0,0.0,58400.0,0.828
58600.0,0.0,58600.0,0.828
58800.0,0.0,58800.0,0.828
59000.0,0.0,59000.0,0.828
59200.0,0.0,59200.0,0.828
59400.0,0.0,59400.0,0.828
59600.0,0.0,59600.0,0.828
59800.0,0.0,59800.0,0.828
60000.0,0.0,60000.0,0.828
60200.0,0.0,60200.0,0.828
60400.0,0.0,60400.0,0.828
60600.0,0.0,60600.0,0.828
60800.0,0.0,60800.0,0.0
61000.0,0.0,61000.0,0.0
61200.0,0.0,61200.0,0.0
61400.0,0.0,61400.0,0.0
61600.0,0.0,61600.0,0.0
61800.0,0.0,61800.0,0.0
62000.0,0.0,62000.0,0.0
62200.0,0.0,62200.0,0.0
62400.0,0.0,62400.0,0.0
62600.0,0.0,62600.0,0.0
62800.0,0.0,62800.0,0.0
63000.0,0.0,63000.0,0.0
63200.0,0.0,63200.0,0.0
63400.0,0.0,63400.0,0.828
63600.0,0.0,63600.0,0.828
63800.0,0.0,63800.0,0.828
64000.0,0.0,64000.0,0.828
64200.0,0.0,64200.0,0.828
64400.0,0.0,64400.0,0.828
64600.0,0.0,64600.0,0.828
64800.0,0.0,64800.0,0.828
65000.0,0.0,65000.0,0.828
65200.0,0.0,65200.0,0.828
65400.0,0.0,65400.0,0.828
65600.0,0.0,65600.0,0.828
65800.0,0.0,65800.0,0.828
66000.0,0.0,66000.0,0.828
66200.0,0.0,66200.0,0.828
66400.0,0.0,66400.0,0.828
66600.0,0.0,66600.0,0.828
66800.0,0.9999993000000004,66800.0,0.828
67000.0,0.0,67000.0,0.0
67200.0,0.0,67200.0,0.0
67400.0,0.0,67400.0,0.0
67600.0,0.0,67600.0,0.0
67800.0,0.0,67800.0,0.0
68000.0,0.0,68000.0,0.0
68200.0,0.0,68200.0,0.0
68400.0,0.0,68400.0,0.0
68600.0,0.0,68600.0,0.0
68800.0,0.0,68800.0,0.0
69000.0,0.0,69000.0,0.0
69200.0,0.0,69200.0,0.0
69400.0,0.0,69400.0,0.0
69600.0,0.0,69600.0,0.828
69800.0,0.9999993000000004,69800.0,0.828
70000.0,0.0,70000.0,0.828
70200.0,0.0,70200.0,0.828
70400.0,0.0,70400.0,0.828
70600.0,0.0,70600.0,0.828
70800.0,0.0,70800.0,0.828
71000.0,0.0,71000.0,0.828
71200.0,0.0,71200.0,0.828
71400.0,0.0,71400.0,0.828
71600.0,0.0,71600.0,0.828
71800.0,0.9999993000000004,71800.0,0.828
72000.0,0.0,72000.0,0.828
72200.0,0.0,72200.0,0.828
72400.0,0.0,72400.0,0.828
72600.0,0.0,72600.0,0.828
72800.0,0.0,72800.0,0.828
73000.0,0.0,73000.0,0.828
73200.0,0.0,73200.0,0.828
73400.0,0.0,73400.0,0.0
73600.0,0.0,73600.0,0.0
73800.0,0.0,73800.0,0.0
74000.0,0.0,74000.0,0.0
74200.0,0.0,74200.0,0.0
74400.0,0.9999993000000004,74400.0,0.0
74600.0,0.0,74600.0,0.0
74800.0,0.0,74800.0,0.0
75000.0,0.0,75000.0,0.0
75200.0,0.0,75200.0,0.0
75400.0,0.0,75400.0,0.0
75600.0,0.0,75600.0,0.0
75800.0,0.0,75800.0,0.0
76000.0,0.0,76000.0,0.828
76200.0,0.0,76200.0,0.828
76400.0,0.0,76400.0,0.828
76600.0,0.0,76600.0,0.828
76800.0,0.0,76800.0,0.828
77000.0,0.0,77000.0,0.828
77200.0,0.0,77200.0,0.828
77400.0,0.0,77400.0,0.828
77600.0,0.9999993000000004,77600.0,0.828
77800.0,0.0,77800.0,0.828
78000.0,0.0,78000.0,0.828
78200.0,0.0,78200.0,0.828
78400.0,0.0,78400.0,0.828
78600.0,0.0,78600.0,0.828
78800.0,0.0,78800.0,0.828
79000.0,0.0,79000.0,0.828
79200.0,0.0,79200.0,0.828
79400.0,0.0,79400.0,0.828
79600.0,0.0,79600.0,0.828
79800.0,0.0,79800.0,0.828
80000.0,0.0,80000.0,0.0
80200.0,0.0,80200.0,0.0
80400.0,0.0,80400.0,0.0
80600.0,0.0,80600.0,0.0
80800.0,0.0,80800.0,0.0
81000.0,0.0,81000.0,0.0
81200.0,0.0,81200.0,0.0
81400.0,0.9999993000000004,81400.0,0.0
81600.0,0.0,81600.0,0.0
81800.0,0.0,81800.0,0.0
82000.0,0.0,82000.0,0.0
82200.0,0.0,82200.0,0.0
82400.0,0.0,82400.0,0.0
82600.0,0.0,82600.0,0.828
82800.0,0.0,82800.0,0.828
83000.0,0.0,83000.0,0.828
83200.0,0.0,83200.0,0.828
83400.0,0.0,83400.0,0.828
83600.0,0.0,83600.0,0.828
83800.0,0.0,83800.0,0.828
84000.0,0.0,84000.0,0.828
84200.0,0.0,84200.0,0.828
84400.0,0.0,84400.0,0.828
84600.0,0.0,84600.0,0.828
84800.0,0.0,84800.0,0.828
85000.0,0.0,85000.0,0.828
85200.0,0.9999993000000004,85200.0,0.828
85400.0,0.0,85400.0,0.828
85600.0,0.0,85600.0,0.828
85800.0,0.0,85800.0,0.828
86000.0,0.0,86000.0,0.828
86200.0,0.0,86200.0,0.828
86400.0,0.0,86400.0,0.828
86600.0,0.0,86600.0,0.0
86800.0,0.9999993000000004,86800.0,0.0
87000.0,0.0,87000.0,0.0
87200.0,0.0,87200.0,0.0
87400.0,0.0,87400.0,0.0
87600.0,0.0,87600.0,0.0
87800.0,0.0,87800.0,0.0
88000.0,0.0,88000.0,0.0
88200.0,0.0,88200.0,0.0
88400.0,0.0,88400.0,0.0
88600.0,0.0,88600.0,0.0
88800.0,0.0,88800.0,0.0
89000.0,0.0,89000.0,0.0
89200.0,0.0,89200.0,0.828
89400.0,0.0,89400.0,0.828
89600.0,0.0,89600.0,0.828
89800.0,0.0,89800.0,0.828
90000.0,0.0,90000.0,0.828
90200.0,0.9999993000000004,90200.0,0.828
90400.0,0.0,90400.0,0.828
90600.0,0.0,90600.0,0.828
90800.0,0.0,90800.0,0.828
91000.0,0.0,91000.0,0.828
91200.0,0.0,91200.0,0.828
91400.0,0.0,91400.0,0.828
91600.0,0.0,91600.0,0.828
91800.0,0.0,91800.0,0.828
92000.0,0.0,92000.0,0.828
92200.0,0.0,92200.0,0.828
92400.0,0.0,92400.0,0.828
92600.0,0.0,92600.0,0.828
92800.0,0.0,92800.0,0.0
93000.0,0.0,93000.0,0.0
93200.0,0.0,93200.0,0.0
93400.0,0.0,93400.0,0.0
93600.0,0.9999993000000004,93600.0,0.0
93800.0,0.0,93800.0,0.0
94000.0,0.0,94000.0,0.0
94200.0,0.0,94200.0,0.0
94400.0,0.0,94400.0,0.0
94600.0,0.0,94600.0,0.0
94800.0,0.0,94800.0,0.0
95000.0,0.0,95000.0,0.0
95200.0,0.9999993000000004,95200.0,0.0
95400.0,0.0,95400.0,0.828
95600.0,0.0,95600.0,0.828
95800.0,0.0,95800.0,0.828
96000.0,0.0,96000.0,0.828
96200.0,0.0,96200.0,0.828
96400.0,0.0,96400.0,0.828
96600.0,0.0,96600.0,0.828
96800.0,0.0,96800.0,0.828
97000.0,0.0,97000.0,0.828
97200.0,0.0,97200.0,0.828
97400.0,0.0,97400.0,0.828
97600.0,0.0,97600.0,0.828
97800.0,0.0,97800.0,0.828
98000.0,0.0,98000.0,0.828
98200.0,0.9999993000000004,98200.0,0.828
98400.0,0.0,98400.0,0.828
98600.0,0.0,98600.0,0.828
98800.0,0.0,98800.0,0.828
99000.0,0.0,99000.0,0.0
99200.0,0.0,99200.0,0.0
99400.0,0.0,99400.0,0.0
99600.0,0.9999993000000004,99600.0,0.0
99800.0,0.0,99800.0,0.0
100000.0,0.0,100000.0,0.0
100200.0,0.0,100200.0,0.0
100400.0,0.0,100400.0,0.0
100600.0,0.0,100600.0,0.0
100800.0,0.0,100800.0,0.0
101000.0,0.0,101000.0,0.0
101200.0,0.0,101200.0,0.0
101400.0,0.0,101400.0,0.0
101600.0,0.0,101600.0,0.828
101800.0,0.0,101800.0,0.828
102000.0,0.0,102000.0,0.828
102200.0,0.0,102200.0,0.828
102400.0,0.0,102400.0,0.828
102600.0,0.0,102600.0,0.828
102800.0,0.0,102800.0,0.828
103000.0,0.9999993000000004,103000.0,0.828
103200.0,0.0,103200.0,0.828
103400.0,0.0,103400.0,0.828
103600.0,0.0,103600.0,0.828
103800.0,0.0,103800.0,0.828
104000.0,0.0,104000.0,0.828
104200.0,0.0,104200.0,0.828
104400.0,0.0,104400.0,0.828
104600.0,0.0,104600.0,0.828
104800.0,0.0,104800.0,0.828
105000.0,0.0,105000.0,0.0
105200.0,0.0,105200.0,0.0
105400.0,0.0,105400.0,0.0
105600.0,0.0,105600.0,0.0
105800.0,0.0,105800.0,0.0
106000.0,0.0,106000.0,0.0
106200.0,0.0,106200.0,0.0
106400.0,0.0,106400.0,0.0
106600.0,0.0,106600.0,0.0
106800.0,0.0,106800.0,0.0
107000.0,0.0,107000.0,0.0
107200.0,0.0,107200.0,0.0
107400.0,0.0,107400.0,0.0
107600.0,0.0,107600.0,0.0
107800.0,0.0,107800.0,0.828
108000.0,0.0,108000.0,0.828
108200.0,0.0,108200.0,0.828
108400.0,0.0,108400.0,0.828
108600.0,0.0,108600.0,0.828
108800.0,0.0,108800.0,0.828
109000.0,0.0,109000.0,0.828
109200.0,0.0,109200.0,0.828
109400.0,0.0,109400.0,0.828
109600.0,0.0,109600.0,0.828
109800.0,0.9999993000000004,109800.0,0.828
110000.0,0.0,110000.0,0.828
110200.0,0.0,110200.0,0.828
110400.0,0.0,110400.0,0.828
110600.0,0.0,110600.0,0.828
110800.0,0.0,110800.0,0.828
111000.0,0.0,111000.0,0.828
111200.0,0.9999993000000004,111200.0,0.0
111400.0,0.0,111400.0,0.0
111600.0,0.0,111600.0,0.0
111800.0,0.0,111800.0,0.0
112000.0,0.0,112000.0,0.0
112200.0,0.0,112200.0,0.0
112400.0,0.0,112400.0,0.0
112600.0,0.0,112600.0,0.0
112800.0,0.9999993000000004,112800.0,0.0
113000.0,0.0,113000.0,0.0
113200.0,0.0,113200.0,0.0
113400.0,0.0,113400.0,0.0
113600.0,0.0,113600.0,0.0
113800.0,0.0,113800.0,0.828
114000.0,0.0,114000.0,0.828
114200.0,0.0,114200.0,0.828
114400.0,0.0,114400.0,0.828
114600.0,0.0,114600.0,0.828
114800.0,0.0,114800.0,0.828
115000.0,0.0,115000.0,0.828
115200.0,0.0,115200.0,0.828
115400.0,0.9999993000000004,115400.0,0.828
115600.0,0.0,115600.0,0.828
115800.0,0.0,115800.0,0.828
116000.0,0.0,116000.0,0.828
116200.0,0.0,116200.0,0.828
116400.0,0.0,116400.0,0.828
116600.0,0.0,116600.0,0.828
116800.0,0.9999993000000004,116800.0,0.828
117000.0,0.0,117000.0,0.828
117200.0,0.0,117200.0,0.0
117400.0,0.0,117400.0,0.0
117600.0,0.0,117600.0,0.0
117800.0,0.0,117800.0,0.0
118000.0,0.0,118000.0,0.0
118200.0,0.0,118200.0,0.0
118400.0,0.0,118400.0,0.0
118600.0,0.0,118600.0,0.0
118800.0,0.0,118800.0,0.0
119000.0,0.0,119000.0,0.0
119200.0,0.0,119200.0,0.0
119400.0,0.0,119400.0,0.0
119600.0,0.0,119600.0,0.828
119800.0,0.9999993000000004,119800.0,0.828
120000.0,0.0,120000.0,0.828
120200.0,0.0,120200.0,0.828
120400.0,0.0,120400.0,0.828
120600.0,0.0,120600.0,0.828
120800.0,0.0,120800.0,0.828
121000.0,0.9999993000000004,121000.0,0.828
121200.0,0.0,121200.0,0.828
121400.0,0.0,121400.0,0.828
121600.0,0.0,121600.0,0.828
121800.0,0.0,121800.0,0.828
122000.0,0.0,122000.0,0.828
122200.0,0.0,122200.0,0.828
122400.0,0.0,122400.0,0.828
122600.0,0.0,122600.0,0.828
122800.0,0.0,122800.0,0.828
123000.0,0.0,123000.0,0.828
123200.0,0.0,123200.0,0.0
123400.0,0.0,123400.0,0.0
123600.0,0.0,123600.0,0.0
123800.0,0.9999993000000004,123800.0,0.0
124000.0,0.0,124000.0,0.0
124200.0,0.0,124200.0,0.0
124400.0,0.0,124400.0,0.0
124600.0,0.0,124600.0,0.0
124800.0,0.0,124800.0,0.0
125000.0,0.0,125000.0,0.0
125200.0,0.0,125200.0,0.0
125400.0,0.0,125400.0,0.0
125600.0,0.0,125600.0,0.828
125800.0,0.0,125800.0,0.828
126000.0,0.0,126000.0,0.828
126200.0,0.0,126200.0,0.828
126400.0,0.0,126400.0,0.828
126600.0,0.9999993000000004,126600.0,0.828
126800.0,0.0,126800.0,0.828
127000.0,0.0,127000.0,0.828
127200.0,0.0,127200.0,0.828
127400.0,0.0,127400.0,0.828
127600.0,0.0,127600.0,0.828
127800.0,0.9999993000000004,127800.0,0.828
128000.0,0.0,128000.0,0.828
128200.0,0.0,128200.0,0.828
128400.0,0.0,128400.0,0.828
128600.0,0.0,128600.0,0.828
128800.0,0.0,128800.0,0.828
129000.0,0.0,129000.0,0.0
129200.0,0.0,129200.0,0.0
129400.0,0.0,129400.0,0.0
129600.0,0.0,129600.0,0.0
129800.0,0.0,129800.0,0.0
130000.0,0.0,130000.0,0.0
130200.0,0.0,130200.0,0.0
130400.0,0.0,130400.0,0.0
130600.0,0.0,130600.0,0.0
130800.0,0.9999993000000004,130800.0,0.0
131000.0,0.0,131000.0,0.0
131200.0,0.0,131200.0,0.0
131400.0,0.0,131400.0,0.0
131600.0,0.0,131600.0,0.828
131800.0,0.0,131800.0,0.828
132000.0,0.0,132000.0,0.828
132200.0,0.0,132200.0,0.828
132400.0,0.0,132400.0,0.828
132600.0,0.0,132600.0,0.828
132800.0,0.0,132800.0,0.828
133000.0,0.0,133000.0,0.828
133200.0,0.0,133200.0,0.828
133400.0,0.0,133400.0,0.828
133600.0,0.0,133600.0,0.828
133800.0,0.0,133800.0,0.828
134000.0,0.0,134000.0,0.828
134200.0,0.0,134200.0,0.828
134400.0,0.0,134400.0,0.828
134600.0,0.9999993000000004,134600.0,0.828
134800.0,0.0,134800.0,0.828
135000.0,0.0,135000.0,0.0
135200.0,0.0,135200.0,0.0
135400.0,0.0,135400.0,0.0
135600.0,0.0,135600.0,0.0
135800.0,0.0,135800.0,0.0
136000.0,0.0,136000.0,0.0
136200.0,0.0,136200.0,0.0
136400.0,0.0,136400.0,0.0
136600.0,0.0,136600.0,0.0
136800.0,0.0,136800.0,0.0
137000.0,0.0,137000.0,0.0
137200.0,0.0,137200.0,0.0
137400.0,0.0,137400.0,0.0
137600.0,0.0,137600.0,0.0
137800.0,0.0,137800.0,0.828
138000.0,0.0,138000.0,0.828
138200.0,0.0,138200.0,0.828
138400.0,0.0,138400.0,0.828
138600.0,0.0,138600.0,0.828
138800.0,0.0,138800.0,0.828
139000.0,0.0,139000.0,0.828
139200.0,0.0,139200.0,0.828
139400.0,0.0,139400.0,0.828
139600.0,0.0,139600.0,0.828
139800.0,0.0,139800.0,0.828
140000.0,0.0,140000.0,0.828
140200.0,0.9999993000000004,140200.0,0.828
140400.0,0.0,140400.0,0.828
140600.0,0.0,140600.0,0.828
140800.0,0.0,140800.0,0.828
141000.0,0.0,141000.0,0.828
141200.0,0.0,141200.0,0.828
141400.0,0.0,141400.0,0.0
141600.0,0.0,141600.0,0.0
141800.0,0.0,141800.0,0.0
142000.0,0.0,142000.0,0.0
142200.0,0.0,142200.0,0.0
142400.0,0.0,142400.0,0.0
142600.0,0.0,142600.0,0.0
142800.0,0.0,142800.0,0.0
143000.0,0.0,143000.0,0.0
143200.0,0.0,143200.0,0.0
143400.0,0.0,143400.0,0.0
143600.0,0.0,143600.0,0.0
143800.0,0.0,143800.0,0.0
144000.0,0.0,144000.0,0.828
144200.0,0.0,144200.0,0.828
144400.0,0.0,144400.0,0.828
144600.0,0.0,144600.0,0.828
144800.0,0.0,144800.0,0.828
145000.0,0.0,145000.0,0.828
145200.0,0.0,145200.0,0.828
145400.0,0.0,145400.0,0.828
145600.0,0.0,145600.0,0.828
145800.0,0.9999993000000004,145800.0,0.828
146000.0,0.0,146000.0,0.828
146200.0,0.0,146200.0,0.828
146400.0,0.0,146400.0,0.828
146600.0,0.0,146600.0,0.828
146800.0,0.0,146800.0,0.828
147000.0,0.0,147000.0,0.828
147200.0,0.0,147200.0,0.828
147400.0,0.9999993000000004,147400.0,0.828
147600.0,0.0,147600.0,0.0
147800.0,0.0,147800.0,0.0
148000.0,0.0,148000.0,0.0
148200.0,0.0,148200.0,0.0
148400.0,0.0,148400.0,0.0
148600.0,0.0,148600.0,0.0
148800.0,0.0,148800.0,0.0
149000.0,0.0,149000.0,0.0
149200.0,0.0,149200.0,0.0
149400.0,0.0,149400.0,0.0
149600.0,0.0,149600.0,0.0
149800.0,0.0,149800.0,0.0
150000.0,0.0,150000.0,0.0
150200.0,0.0,150200.0,0.0
150400.0,0.0,150400.0,0.828
150600.0,0.0,150600.0,0.828
150800.0,0.0,150800.0,0.828
151000.0,0.0,151000.0,0.828
151200.0,0.0,151200.0,0.828
151400.0,0.0,151400.0,0.828
151600.0,0.0,151600.0,0.828
151800.0,0.0,151800.0,0.828
152000.0,0.0,152000.0,0.828
152200.0,0.0,152200.0,0.828
152400.0,0.0,152400.0,0.828
152600.0,0.0,152600.0,0.828
152800.0,0.0,152800.0,0.828
153000.0,0.0,153000.0,0.828
153200.0,0.9999993000000004,153200.0,0.828
153400.0,0.0,153400.0,0.828
153600.0,0.0,153600.0,0.828
153800.0,0.0,153800.0,0.828
154000.0,0.0,154000.0,0.828
154200.0,0.0,154200.0,0.0
154400.0,0.0,154400.0,0.0
154600.0,0.0,154600.0,0.0
154800.0,0.0,154800.0,0.0
155000.0,0.0,155000.0,0.0
155200.0,0.0,155200.0,0.0
155400.0,0.0,155400.0,0.0
155600.0,0.0,155600.0,0.0
155800.0,0.0,155800.0,0.0
156000.0,0.0,156000.0,0.0
156200.0,0.0,156200.0,0.0
156400.0,0.0,156400.0,0.0
156600.0,0.0,156600.0,0.0
156800.0,0.0,156800.0,0.0
157000.0,0.0,157000.0,0.828
157200.0,0.9999993000000004,157200.0,0.828
157400.0,0.0,157400.0,0.828
157600.0,0.0,157600.0,0.828
157800.0,0.0,157800.0,0.828
158000.0,0.0,158000.0,0.828
158200.0,0.0,158200.0,0.828
158400.0,0.0,158400.0,0.828
158600.0,0.0,158600.0,0.828
158800.0,0.9999993000000004,158800.0,0.828
159000.0,0.0,159000.0,0.828
159200.0,0.0,159200.0,0.828
159400.0,0.0,159400.0,0.828
159600.0,0.0,159600.0,0.828
159800.0,0.0,159800.0,0.828
160000.0,0.0,160000.0,0.828
160200.0,0.0,160200.0,0.828
160400.0,0.9999993000000004,160400.0,0.828
160600.0,0.0,160600.0,0.0
160800.0,0.0,160800.0,0.0
161000.0,0.0,161000.0,0.0
161200.0,0.0,161200.0,0.0
161400.0,0.0,161400.0,0.0
161600.0,0.9999993000000004,161600.0,0.0
161800.0,0.0,161800.0,0.0
162000.0,0.0,162000.0,0.0
162200.0,0.0,162200.0,0.0
162400.0,0.0,162400.0,0.0
162600.0,0.0,162600.0,0.0
162800.0,0.0,162800.0,0.0
163000.0,0.9999993000000004,163000.0,0.0
163200.0,0.0,163200.0,0.828
163400.0,0.0,163400.0,0.828
163600.0,0.0,163600.0,0.828
163800.0,0.0,163800.0,0.828
164000.0,0.0,164000.0,0.828
164200.0,0.0,164200.0,0.828
164400.0,0.0,164400.0,0.828
164600.0,0.9999993000000004,164600.0,0.828
164800.0,0.0,164800.0,0.828
165000.0,0.0,165000.0,0.828
165200.0,0.0,165200.0,0.828
165400.0,0.0,165400.0,0.828
165600.0,0.0,165600.0,0.828
165800.0,0.0,165800.0,0.828
166000.0,0.0,166000.0,0.828
166200.0,0.0,166200.0,0.828
166400.0,0.0,166400.0,0.828
166600.0,0.0,166600.0,0.828
166800.0,0.0,166800.0,0.0
167000.0,0.0,167000.0,0.0
167200.0,0.0,167200.0,0.0
167400.0,0.0,167400.0,0.0
167600.0,0.0,167600.0,0.0
167800.0,0.0,167800.0,0.0
168000.0,0.0,168000.0,0.0
168200.0,0.0,168200.0,0.0
168400.0,0.0,168400.0,0.0
168600.0,0.0,168600.0,0.0
168800.0,0.0,168800.0,0.0
169000.0,0.0,169000.0,0.0
169200.0,0.0,169200.0,0.0
169400.0,0.0,169400.0,0.828
169600.0,0.0,169600.0,0.828
169800.0,0.0,169800.0,0.828
170000.0,0.0,170000.0,0.828
170200.0,0.0,170200.0,0.828
170400.0,0.0,170400.0,0.828
170600.0,0.0,170600.0,0.828
170800.0,0.0,170800.0,0.828
171000.0,0.0,171000.0,0.828
171200.0,0.0,171200.0,0.828
171400.0,0.0,171400.0,0.828
171600.0,0.0,171600.0,0.828
171800.0,0.9999993000000004,171800.0,0.828
172000.0,0.0,172000.0,0.828
172200.0,0.0,172200.0,0.828
172400.0,0.0,172400.0,0.828
172600.0,0.0,172600.0,0.828
172800.0,0.0,172800.0,0.828
173000.0,0.9999993000000004,173000.0,0.0
173200.0,0.0,173200.0,0.0
173400.0,0.0,173400.0,0.0
173600.0,0.0,173600.0,0.0
173800.0,0.0,173800.0,0.0
174000.0,0.0,174000.0,0.0
174200.0,0.0,174200.0,0.0
174400.0,0.9999993000000004,174400.0,0.0
174600.0,0.0,174600.0,0.0
174800.0,0.0,174800.0,0.0
175000.0,0.0,175000.0,0.0
175200.0,0.0,175200.0,0.0
175400.0,0.0,175400.0,0.828
175600.0,0.0,175600.0,0.828
175800.0,0.0,175800.0,0.828
176000.0,0.9999993000000004,176000.0,0.828
176200.0,0.0,176200.0,0.828
176400.0,0.0,176400.0,0.828
176600.0,0.0,176600.0,0.828
176800.0,0.0,176800.0,0.828
177000.0,0.0,177000.0,0.828
177200.0,0.0,177200.0,0.828
177400.0,0.9999993000000004,177400.0,0.828
177600.0,0.0,177600.0,0.828
177800.0,0.0,177800.0,0.828
178000.0,0.0,178000.0,0.828
178200.0,0.0,178200.0,0.828
178400.0,0.0,178400.0,0.828
178600.0,0.0,178600.0,0.828
178800.0,0.0,178800.0,0.0
179000.0,0.0,179000.0,0.0
179200.0,0.0,179200.0,0.0
179400.0,0.0,179400.0,0.0
179600.0,0.0,179600.0,0.0
179800.0,0.0,179800.0,0.0
180000.0,0.0,180000.0,0.0
180200.0,0.0,180200.0,0.0
180400.0,0.0,180400.0,0.0
180600.0,0.0,180600.0,0.0
180800.0,0.0,180800.0,0.0
181000.0,0.0,181000.0,0.0
181200.0,0.0,181200.0,0.0
181400.0,0.0,181400.0,0.828
181600.0,0.9999993000000004,181600.0,0.828
181800.0,0.0,181800.0,0.828
182000.0,0.0,182000.0,0.828
182200.0,0.0,182200.0,0.828
182400.0,0.0,182400.0,0.828
182600.0,0.0,182600.0,0.828
182800.0,0.0,182800.0,0.828
183000.0,0.0,183000.0,0.828
183200.0,0.0,183200.0,0.828
183400.0,0.0,183400.0,0.828
183600.0,0.0,183600.0,0.828
183800.0,0.0,183800.0,0.828
184000.0,0.0,184000.0,0.828
184200.0,0.0,184200.0,0.828
184400.0,0.0,184400.0,0.828
184600.0,0.0,184600.0,0.0
184800.0,0.0,184800.0,0.0
185000.0,0.0,185000.0,0.0
185200.0,0.0,185200.0,0.0
185400.0,0.0,185400.0,0.0
185600.0,0.0,185600.0,0.0
185800.0,0.0,185800.0,0.0
186000.0,0.0,186000.0,0.0
186200.0,0.0,186200.0,0.0
186400.0,0.0,186400.0,0.0
186600.0,0.0,186600.0,0.0
186800.0,0.0,186800.0,0.0
187000.0,0.0,187000.0,0.0
187200.0,0.9999993000000004,187200.0,0.828
187400.0,0.0,187400.0,0.828
187600.0,0.0,187600.0,0.828
187800.0,0.0,187800.0,0.828
188000.0,0.0,188000.0,0.828
188200.0,0.0,188200.0,0.828
188400.0,0.0,188400.0,0.828
188600.0,0.0,188600.0,0.828
188800.0,0.9999993000000004,188800.0,0.828
189000.0,0.0,189000.0,0.828
189200.0,0.0,189200.0,0.828
189400.0,0.0,189400.0,0.828
189600.0,0.0,189600.0,0.828
189800.0,0.0,189800.0,0.828
190000.0,0.9999993000000004,190000.0,0.828
190200.0,0.0,190200.0,0.828
190400.0,0.0,190400.0,0.0
190600.0,0.0,190600.0,0.0
190800.0,0.0,190800.0,0.0
191000.0,0.0,191000.0,0.0
191200.0,0.0,191200.0,0.0
191400.0,0.9999993000000004,191400.0,0.0
191600.0,0.0,191600.0,0.0
191800.0,0.0,191800.0,0.0
192000.0,0.0,192000.0,0.0
192200.0,0.0,192200.0,0.0
192400.0,0.0,192400.0,0.0
192600.0,0.0,192600.0,0.0
192800.0,0.0,192800.0,0.0
193000.0,0.9999993000000004,193000.0,0.828
193200.0,0.0,193200.0,0.828
193400.0,0.0,193400.0,0.828
193600.0,0.0,193600.0,0.828
193800.0,0.0,193800.0,0.828
194000.0,0.0,194000.0,0.828
194200.0,0.0,194200.0,0.828
194400.0,0.0,194400.0,0.828
194600.0,0.0,194600.0,0.828
194800.0,0.0,194800.0,0.828
195000.0,0.0,195000.0,0.828
195200.0,0.0,195200.0,0.828
195400.0,0.0,195400.0,0.828
195600.0,0.0,195600.0,0.828
195800.0,0.0,195800.0,0.828
196000.0,0.0,196000.0,0.828
196200.0,0.0,196200.0,0.0
196400.0,0.0,196400.0,0.0
196600.0,0.0,196600.0,0.0
196800.0,0.0,196800.0,0.0
197000.0,0.0,197000.0,0.0
197200.0,0.0,197200.0,0.0
197400.0,0.0,197400.0,0.0
197600.0,0.0,197600.0,0.0
197800.0,0.0,197800.0,0.0
198000.0,0.0,198000.0,0.0
198200.0,0.0,198200.0,0.0
198400.0,0.0,198400.0,0.0
198600.0,0.9999993000000004,198600.0,0.0
198800.0,0.0,198800.0,0.828
199000.0,0.0,199000.0,0.828
199200.0,0.0,199200.0,0.828
199400.0,0.0,199400.0,0.828
199600.0,0.0,199600.0,0.828
199800.0,0.0,199800.0,0.828
200000.0,0.0,200000.0,0.828
