Type,Value,Type,Value,Type,Value,Type,Value,Type,Value,Type,Value,Type,Value,Type,Value,Type,Value,Type,Value,Type,Value,Type,Value,Type,Value,Type,Value
Data Source,Orbital_hot_case_LTAN6_12_12_25_nominal_science_nominal_work_pretty_please : TMD : ACUBESAT_12_12_25_ORBITA,Data Source,Orbital_hot_case_LTAN6_12_12_25_nominal_science_nominal_work_pretty_please : TMD : ACUBESAT_12_12_25_ORBITA,Data Source,Orbital_hot_case_LTAN6_12_12_25_nominal_science_nominal_work_pretty_please : TMD : ACUBESAT_12_12_25_ORBITA,Data Source,Orbital_hot_case_LTAN6_12_12_25_nominal_science_nominal_work_pretty_please : TMD : ACUBESAT_12_12_25_ORBITA,Data Source,Orbital_hot_case_LTAN6_12_12_25_nominal_science_nominal_work_pretty_please : TMD : ACUBESAT_12_12_25_ORBITA,Data Source,Orbital_hot_case_LTAN6_12_12_25_nominal_science_nominal_work_pretty_please : TMD : ACUBESAT_12_12_25_ORBITA,Data Source,Orbital_hot_case_LTAN6_12_12_25_nominal_science_nominal_work_pretty_please : TMD : ACUBESAT_12_12_25_ORBITA,Data Source,Orbital_hot_case_LTAN6_12_12_25_nominal_science_nominal_work_pretty_please : TMD : ACUBESAT_12_12_25_ORBITA,Data Source,Orbital_hot_case_LTAN6_12_12_25_nominal_science_nominal_work_pretty_please : TMD : ACUBESAT_12_12_25_ORBITA,Data Source,Orbital_hot_case_LTAN6_12_12_25_nominal_science_nominal_work_pretty_please : TMD : ACUBESAT_12_12_25_ORBITA,Data Source,Orbital_hot_case_LTAN6_12_12_25_nominal_science_nominal_work_pretty_please : TMD : ACUBESAT_12_12_25_ORBITA,Data Source,Orbital_hot_case_LTAN6_12_12_25_nominal_science_nominal_work_pretty_please : TMD : ACUBESAT_12_12_25_ORBITA,Data Source,Orbital_hot_case_LTAN6_12_12_25_nominal_science_nominal_work_pretty_please : TMD : ACUBESAT_12_12_25_ORBITA,Data Source,Orbital_hot_case_LTAN6_12_12_25_nominal_science_nominal_work_pretty_please : TMD : ACUBESAT_12_12_25_ORBITA
Element,Bag_2_P,Element,Container_3_P,Element,ISIS_BatteryPack,Element,MCU_COMMS,Element,MCU_OBC_ADCS_down,Element,MCU_OBC_ADCS_up,Element,PDMS_Chip_P,Element,PFVHM_1_P,Element,PFVHM_2_P,Element,SU_MCU_P,Element,H001_powerApplied,Element,H003_powerApplied,Element,H004_powerApplied,Element,H005_powerApplied
,,,,,,,,,,,,,,,,,,,,,,,,,,,
,,,,,,,,,,,,,,,,,,,,,,,,,,,
Time[s],Average Temperature,Time[s],Average Temperature,Time[s],Average Temperature,Time[s],Average Temperature,Time[s],Average Temperature,Time[s],Average Temperature,Time[s],Average Temperature,Time[s],Average Temperature,Time[s],Average Temperature,Time[s],Average Temperature,Time[s],Value,Time[s],Value,Time[s],Value,Time[s],Value
0.0,25.0,0.0,25.0,0.0,25.0,0.0,25.0,0.0,25.0,0.0,25.0,0.0,25.0,0.0,25.0,0.0,25.0,0.0,25.0,0.0,0.0,0.0,0.0,0.0,0.0,0.0,0.0
12000.0,24.997998617176183,12000.0,25.044290768248562,12000.0,25.00323418706771,12000.0,25.685739594579303,12000.0,25.416153362364806,12000.0,25.405595858121142,12000.0,25.019839768674917,12000.0,25.08170391900452,12000.0,25.08949745843277,12000.0,42.39458637440598,12000.0,0.0,12000.0,0.0,12000.0,0.0,12000.0,0.0
24000.0,24.9978740748406,24000.0,25.029847408635693,24000.0,25.00431963179138,24000.0,25.78131433118408,24000.0,25.453082693381663,24000.0,25.442961972506545,24000.0,25.02566532845722,24000.0,25.10058933668954,24000.0,25.10985433690401,24000.0,42.86852784843937,24000.0,0.0,24000.0,0.0,24000.0,0.0,24000.0,0.0
36000.0,24.997828254309375,36000.0,25.016417718054573,36000.0,25.004849250312446,36000.0,25.843912238962183,36000.0,25.47687341188945,36000.0,25.46711185637403,36000.0,25.029390238868498,36000.0,25.11340592442297,36000.0,25.123631517662723,36000.0,43.16855023041895,36000.0,0.0,36000.0,0.0,36000.0,0.0,36000.0,0.0
48000.0,24.997711462216586,48000.0,24.99571236372379,48000.0,25.005262916432468,48000.0,25.92822360222183,48000.0,25.508613785194314,48000.0,25.499373160580806,48000.0,25.033662670829617,48000.0,25.13119112195696,48000.0,25.142712670947212,48000.0,43.56304018263891,48000.0,0.0,48000.0,0.0,48000.0,0.0,48000.0,0.0
60000.0,24.997537878232315,60000.0,24.975998754946932,60000.0,25.005262087032687,60000.0,26.0035204724126,60000.0,25.536727872425622,60000.0,25.527949685437125,60000.0,25.036693583419904,60000.0,25.147389837516318,60000.0,25.160062187626032,60000.0,43.904074087495054,60000.0,0.0,60000.0,0.0,60000.0,0.0,60000.0,0.0
72000.0,24.997363961264313,72000.0,24.960983281656844,72000.0,25.004949273540593,72000.0,26.056696074975708,72000.0,25.556455706452546,72000.0,25.54799249986868,72000.0,25.03827875610026,72000.0,25.158904088931674,72000.0,25.17238037485954,72000.0,44.13747309379463,72000.0,0.0,72000.0,0.0,72000.0,0.0,72000.0,0.0
84000.0,24.997070987237578,84000.0,24.939703550431805,84000.0,25.004330595511465,84000.0,26.12645637338872,84000.0,25.58220856758846,84000.0,25.57418388575996,84000.0,25.039588046258537,84000.0,25.174145619285557,84000.0,25.188671874187012,84000.0,44.43701086873528,84000.0,0.0,84000.0,0.0,84000.0,0.0,84000.0,0.0
96000.0,24.99672116169509,96000.0,24.9191413049109,96000.0,25.00349018555536,96000.0,26.19081967391191,96000.0,25.605862606112687,96000.0,25.59823144929449,96000.0,25.03992012885661,96000.0,25.18820104625764,96000.0,25.20368390410741,96000.0,44.70496735640704,96000.0,0.0,96000.0,0.0,96000.0,0.0,96000.0,0.0
108000.0,24.99630777731342,108000.0,24.897969153840652,108000.0,25.002202957585077,108000.0,26.25264728309031,108000.0,25.628485503851465,108000.0,25.621228636316907,108000.0,25.039400318215378,108000.0,25.201630574023323,108000.0,25.218019449831505,108000.0,44.95478595245817,108000.0,0.0,108000.0,0.0,108000.0,0.0,108000.0,0.0
120000.0,24.995809137023308,120000.0,24.875411682117715,120000.0,25.00065419934397,120000.0,26.31459223544977,120000.0,25.6510641303793,120000.0,25.644186085339783,120000.0,25.03799882534998,120000.0,25.214949759790848,120000.0,25.23223190324365,120000.0,45.19744295782711,120000.0,0.0,120000.0,0.0,120000.0,0.0,120000.0,0.0
132000.0,24.995241921694912,132000.0,24.85307147444805,132000.0,24.998981913176333,132000.0,26.374131387611584,132000.0,25.67269085357896,132000.0,25.666168072161952,132000.0,25.035785571071308,132000.0,25.22755746699162,132000.0,25.245682679794168,132000.0,45.42345088771437,132000.0,0.0,132000.0,0.0,132000.0,0.0,132000.0,0.0
144000.0,24.99465976528358,144000.0,24.832379370433795,144000.0,24.997133921624247,144000.0,26.426498906320738,144000.0,25.69164012849621,144000.0,25.685424170439465,144000.0,25.03310484773826,144000.0,25.238426668502928,144000.0,25.2572784545856,144000.0,45.61608250490474,144000.0,0.0,144000.0,0.0,144000.0,0.0,144000.0,0.0
156000.0,24.993828516124587,156000.0,24.804684792227157,156000.0,24.994485320233885,156000.0,26.492418426377704,156000.0,25.715410437641108,156000.0,25.709590405267498,156000.0,25.028746312532746,156000.0,25.251806214977865,156000.0,25.271554947697467,156000.0,45.85129637057606,156000.0,0.0,156000.0,0.0,156000.0,0.0,156000.0,0.0
168000.0,24.99299436045763,168000.0,24.780068856891244,168000.0,24.991841596966907,168000.0,26.54998477701025,168000.0,25.7360966080151,168000.0,25.73061090888777,168000.0,25.0240126104015,168000.0,25.26310013653481,168000.0,25.283611085646776,168000.0,46.04909708599915,168000.0,0.0,168000.0,0.0,168000.0,0.0,168000.0,0.0
180000.0,24.992309762751592,180000.0,24.761471590293713,180000.0,24.989632876767313,180000.0,26.591542775864298,180000.0,25.750972441953078,180000.0,25.745716712914707,180000.0,25.0200383465579,180000.0,25.27095634555784,180000.0,25.292001985963307,180000.0,46.18680468463952,180000.0,0.0,180000.0,0.0,180000.0,0.0,180000.0,0.0
192000.0,24.99128658599032,192000.0,24.73542906237507,192000.0,24.986504010429048,192000.0,26.64740347744396,192000.0,25.770910127300365,192000.0,25.765979949864402,192000.0,25.013917740479112,192000.0,25.28119934820919,192000.0,25.302950125032506,192000.0,46.36725582759528,192000.0,0.0,192000.0,0.0,192000.0,0.0,192000.0,0.0
204000.0,24.990179642562374,204000.0,24.709326550736726,204000.0,24.983137552906264,204000.0,26.702336482683624,204000.0,25.79045634681525,204000.0,25.785833055847725,204000.0,25.00709916926235,204000.0,25.290805663772154,204000.0,25.313229210010213,204000.0,46.538320748220436,204000.0,0.0,204000.0,0.0,204000.0,0.0,204000.0,0.0
216000.0,24.989027842371033,216000.0,24.68362854951653,216000.0,24.979509032088806,216000.0,26.75416121510163,216000.0,25.808829069844368,216000.0,25.804487428040375,216000.0,24.999912259151067,216000.0,25.299393571745266,216000.0,25.322431650459205,216000.0,46.69378312239259,216000.0,0.0,216000.0,0.0,216000.0,0.0,216000.0,0.0
228000.0,24.9877949001005,228000.0,24.657403618982265,228000.0,24.97570589053372,228000.0,26.805211212248462,228000.0,25.826859561933144,228000.0,25.82279352318054,228000.0,24.992130411170717,228000.0,25.307356828388464,228000.0,25.330980260512575,228000.0,46.84124096038744,228000.0,0.0,228000.0,0.0,228000.0,0.0,228000.0,0.0
240000.0,24.986436377051234,240000.0,24.630744815135284,240000.0,24.97169881650059,240000.0,26.85655935612676,240000.0,25.84493385974228,240000.0,25.841134557663928,240000.0,24.983546978289045,240000.0,25.314841161540674,240000.0,25.33903329976715,240000.0,46.9840647057454,240000.0,0.0,240000.0,0.0,240000.0,0.0,240000.0,0.0
252000.0,24.985090590728685,252000.0,24.60585702290692,252000.0,24.967736535001006,252000.0,26.90292279287064,252000.0,25.861183775561702,252000.0,25.85761891072704,252000.0,24.97514112289622,252000.0,25.3211015906345,252000.0,25.34578833632031,252000.0,47.10805985984099,252000.0,0.0,252000.0,0.0,252000.0,0.0,252000.0,0.0
264000.0,24.983378532466038,264000.0,24.575122477977903,264000.0,24.962721689452778,264000.0,26.958016315571037,264000.0,25.88041457154181,264000.0,25.877132294739795,264000.0,24.96437326609294,264000.0,25.327909009098672,264000.0,25.353161751984203,264000.0,47.24981802325466,264000.0,0.0,264000.0,0.0,264000.0,0.0,264000.0,0.0
276000.0,24.981696350005357,276000.0,24.547023002491777,276000.0,24.957859502212308,276000.0,27.008145402066106,276000.0,25.897837315335522,276000.0,25.89480109212412,276000.0,24.953865941121805,276000.0,25.333446761268707,276000.0,25.35919161068288,276000.0,47.37308496606414,276000.0,0.0,276000.0,0.0,276000.0,0.0,276000.0,0.0
288000.0,24.980333100951746,288000.0,24.525453069516058,288000.0,24.953959617426918,288000.0,27.045430453268875,288000.0,25.91073629395246,288000.0,25.907873922545566,288000.0,24.945567969999022,288000.0,25.337118068787223,288000.0,25.36321291661631,288000.0,47.46087441267481,288000.0,0.0,288000.0,0.0,288000.0,0.0,288000.0,0.0
300000.0,24.97845439354726,300000.0,24.4970003852091,300000.0,24.948822280394833,300000.0,27.093327534600217,300000.0,25.927241955347235,300000.0,25.92461286129305,300000.0,24.934286491689715,300000.0,25.341300889120493,300000.0,25.36782924928131,300000.0,47.56984780397379,300000.0,0.0,300000.0,0.0,300000.0,0.0,300000.0,0.0
312000.0,24.976461285695915,312000.0,24.468155561773475,312000.0,24.943391863232133,312000.0,27.141564647248053,312000.0,25.94379692986947,312000.0,25.9413912261873,312000.0,24.922352458215908,312000.0,25.344857160602782,312000.0,25.371801486517636,312000.0,47.67479104555814,312000.0,0.0,312000.0,0.0,312000.0,0.0,312000.0,0.0
324000.0,24.974765347211296,324000.0,24.444324754206626,324000.0,24.938691383054998,324000.0,27.180402901334663,324000.0,25.957058016223723,324000.0,25.95482455253303,324000.0,24.912285519585858,324000.0,25.34720925544613,324000.0,25.374471942304204,324000.0,47.75550070340203,324000.0,0.0,324000.0,0.0,324000.0,0.0,324000.0,0.0
336000.0,24.972728743869204,336000.0,24.416695833097894,336000.0,24.93319547664911,336000.0,27.224590601802813,336000.0,25.97208751949682,336000.0,25.97004998358758,336000.0,24.90032970114345,336000.0,25.349321954541526,336000.0,25.376930725769625,336000.0,47.84371850583435,336000.0,0.0,336000.0,0.0,336000.0,0.0,336000.0,0.0
348000.0,24.97041685405034,348000.0,24.38682483900679,348000.0,24.927139379546716,348000.0,27.272049709986977,348000.0,25.988160006882683,348000.0,25.986324718498263,348000.0,24.886950603930856,348000.0,25.35090576968264,348000.0,25.3788666318197,348000.0,47.93414195410808,348000.0,0.0,348000.0,0.0,348000.0,0.0,348000.0,0.0
360000.0,24.968213464554402,360000.0,24.35960454044752,360000.0,24.921444866594907,360000.0,27.314211202605797,360000.0,26.002360069415214,360000.0,26.000697186354895,360000.0,24.87453107307346,360000.0,25.351689495663226,360000.0,25.379944953291947,360000.0,48.01050285245283,360000.0,0.0,360000.0,0.0,360000.0,0.0,360000.0,0.0
372000.0,24.96562278361899,372000.0,24.32837417011452,372000.0,24.914805923015045,372000.0,27.361449626952837,372000.0,26.018186150956524,372000.0,26.016718421978435,372000.0,24.86000772660435,372000.0,25.351845784562652,372000.0,25.38041205660556,372000.0,48.09194915841446,372000.0,0.0,372000.0,0.0,372000.0,0.0,372000.0,0.0
384000.0,24.963099504660086,384000.0,24.299451561212802,384000.0,24.908409462006297,384000.0,27.40534432248066,384000.0,26.032815079673743,384000.0,26.031519382505653,384000.0,24.84604298693858,384000.0,25.351292806538915,384000.0,25.380129011654287,384000.0,48.16360388066455,384000.0,0.0,384000.0,0.0,384000.0,0.0,384000.0,0.0
396000.0,24.96101614449257,396000.0,24.276215474774798,396000.0,24.903147387699004,396000.0,27.439679660071878,396000.0,26.044193858808566,396000.0,26.0430257675151,396000.0,24.834772588935035,396000.0,25.350376009114207,396000.0,25.379409742972637,396000.0,48.216761063189615,396000.0,0.0,396000.0,0.0,396000.0,0.0,396000.0,0.0
408000.0,24.958447783637478,408000.0,24.24908097801025,408000.0,24.897054610930606,408000.0,27.479087265946504,408000.0,26.057190983588043,408000.0,26.05617637069695,408000.0,24.82134715264974,408000.0,25.348788310840185,408000.0,25.378035902380656,408000.0,48.27511580174467,408000.0,0.0,408000.0,0.0,408000.0,0.0,408000.0,0.0
420000.0,24.95560768626379,420000.0,24.219861535828148,420000.0,24.890268431147557,420000.0,27.52164989724672,420000.0,26.07116313613099,420000.0,26.07030581327127,420000.0,24.806478755139146,420000.0,25.346426928322664,420000.0,25.37588979650194,420000.0,48.33490517375164,420000.0,0.0,420000.0,0.0,420000.0,0.0,420000.0,0.0
432000.0,24.953176592280812,432000.0,24.19528628373593,432000.0,24.884381408637896,432000.0,27.55671440586688,432000.0,26.08260616785719,432000.0,26.081872525045135,432000.0,24.793893609554534,432000.0,25.343967157532568,432000.0,25.37359419907125,432000.0,48.38143589555737,432000.0,0.0,432000.0,0.0,432000.0,0.0,432000.0,0.0
444000.0,24.95036418924252,444000.0,24.167558532392366,444000.0,24.877725314700722,444000.0,27.595821581716773,444000.0,26.09530887802899,444000.0,26.09471278408635,444000.0,24.77951054977703,444000.0,25.34065448227982,444000.0,25.370451691194432,444000.0,48.43070823502167,444000.0,0.0,444000.0,0.0,444000.0,0.0,444000.0,0.0
456000.0,24.947141071779658,456000.0,24.13696463214816,456000.0,24.870303106464398,456000.0,27.638864707271313,456000.0,26.109219259580563,456000.0,26.10876813087295,456000.0,24.76332392766326,456000.0,25.33631728130847,456000.0,25.36628623213564,456000.0,48.48178588760675,456000.0,0.0,456000.0,0.0,456000.0,0.0,456000.0,0.0
468000.0,24.944106285129315,468000.0,24.109163587476893,468000.0,24.863430749283616,468000.0,27.677184126475645,468000.0,26.12152382175029,468000.0,26.121196395674108,468000.0,24.748505987967324,468000.0,25.331843630614483,468000.0,25.36195128001833,468000.0,48.52436098237791,468000.0,0.0,468000.0,0.0,468000.0,0.0,468000.0,0.0
480000.0,24.94057955093977,480000.0,24.077394816277636,480000.0,24.855499308206586,480000.0,27.720207313654832,480000.0,26.13525371880416,480000.0,26.135068444881234,480000.0,24.73139877270432,480000.0,25.326098964826368,480000.0,25.35634717004529,480000.0,48.56912060677969,480000.0,0.0,480000.0,0.0,480000.0,0.0,480000.0,0.0
492000.0,24.937183656080894,492000.0,24.048064041357787,492000.0,24.847935045577962,492000.0,27.760267320359723,492000.0,26.14796112993219,492000.0,26.147900556010036,492000.0,24.71514668075342,492000.0,25.320076144850457,492000.0,25.350440849926716,492000.0,48.607864977703116,492000.0,0.0,492000.0,0.0,492000.0,0.0,492000.0,0.0
504000.0,25.001616819667873,504000.0,23.895033022721076,504000.0,24.8119886259312,504000.0,27.96377942647091,504000.0,26.211628631886562,504000.0,26.212153543975184,504000.0,31.84002663022293,504000.0,25.290904505608882,504000.0,25.32216941461692,504000.0,48.770909292987255,504000.0,0.0,504000.0,0.0,504000.0,0.0,504000.0,0.0
516000.0,24.991599833871934,516000.0,23.571594545459906,516000.0,24.727493894080272,516000.0,28.362868323740265,516000.0,26.33013805830944,516000.0,26.33167244821185,516000.0,30.038778796304516,516000.0,25.222896452043592,516000.0,25.256129573449353,516000.0,48.914619341962876,516000.0,0.0,516000.0,0.0,516000.0,0.0,516000.0,0.0
528000.0,24.979438304095787,528000.0,23.26520790377416,528000.0,24.633445725805657,528000.0,28.72138170301405,528000.0,26.42895989796342,528000.0,26.43115817355345,528000.0,29.698986531297823,528000.0,25.090110887406755,528000.0,25.12338602548963,528000.0,48.87724977290662,528000.0,0.0,528000.0,0.0,528000.0,0.0,528000.0,0.0
540000.0,24.945364557570773,540000.0,22.96787757981886,540000.0,24.531882793650546,540000.0,29.06642519385391,540000.0,26.517233767857057,540000.0,26.51984965832529,540000.0,27.861931630465936,540000.0,24.914183191503803,540000.0,24.946941019231975,540000.0,48.733629533749514,540000.0,0.0,540000.0,0.0,540000.0,0.0,540000.0,0.0
552000.0,24.927783133542313,552000.0,22.689671072669682,552000.0,24.430382961794816,552000.0,29.392885504653634,552000.0,26.595073712678122,552000.0,26.597667974298535,552000.0,36.54970332600528,552000.0,24.704863724546726,552000.0,24.73669106258933,552000.0,48.53038690844515,552000.0,0.0,552000.0,0.5199996360000003,552000.0,0.0,552000.0,0.0
564000.0,24.91903173268672,564000.0,22.455801998141883,564000.0,24.342895617619636,564000.0,29.65371395055852,564000.0,26.653406480586675,564000.0,26.65595357002574,564000.0,37.09692200210405,564000.0,24.51452794639065,564000.0,24.54559306823055,564000.0,48.33665494054008,564000.0,0.0,564000.0,0.0,564000.0,0.0,564000.0,0.0
576000.0,24.86907303395222,576000.0,22.19274680073054,576000.0,24.23931567779412,576000.0,29.95239306631879,576000.0,26.7158445422198,576000.0,26.719006162649737,576000.0,31.727803820961036,576000.0,24.27669544315771,576000.0,24.30705762111643,576000.0,48.0915453793009,576000.0,0.0,576000.0,0.0,576000.0,0.0,576000.0,0.0
588000.0,24.784342955017625,588000.0,21.960579149704266,588000.0,24.143376149743855,588000.0,30.238504243414262,588000.0,26.7723463220832,588000.0,26.77584415768494,588000.0,29.29112023609994,588000.0,24.036665430199427,588000.0,24.066602698236412,588000.0,47.84178015606401,588000.0,0.0,588000.0,0.0,588000.0,0.0,588000.0,0.0
600000.0,24.70073974868535,600000.0,21.72397419955229,600000.0,24.046654451063237,600000.0,30.512902540862143,600000.0,26.82384586642124,600000.0,26.82728484509565,600000.0,27.053858973376894,600000.0,23.796304409921042,600000.0,23.825916572646086,600000.0,47.59589762170844,600000.0,0.0,600000.0,0.0,600000.0,0.0,600000.0,0.0
612000.0,24.63754644948789,612000.0,21.49286017447246,612000.0,23.95289859509362,612000.0,30.777238629989252,612000.0,26.870404264152434,612000.0,26.874403021012938,612000.0,35.810803912636246,612000.0,23.555778945999446,612000.0,23.585152467365482,612000.0,47.356578491896016,612000.0,0.0,612000.0,0.5199996360000003,612000.0,0.0,612000.0,0.0
624000.0,24.594648388690125,624000.0,21.324337241627482,624000.0,23.877304146710056,624000.0,30.991708021130112,624000.0,26.90642965935219,624000.0,26.9110882346582,624000.0,36.22727812297247,624000.0,23.359990750987144,624000.0,23.389390875465267,624000.0,47.161864353207356,624000.0,0.0,624000.0,0.0,624000.0,0.0,624000.0,0.0
636000.0,24.51270028484104,636000.0,21.134659573306482,636000.0,23.78972549273837,636000.0,31.238126398998883,636000.0,26.946780425831953,636000.0,26.95135724206032,636000.0,30.94688508486539,636000.0,23.134711855025337,636000.0,23.164265958675745,636000.0,46.93936098969073,636000.0,0.0,636000.0,0.0,636000.0,0.0,636000.0,0.0
648000.0,24.39865284940299,648000.0,20.935629025527398,648000.0,23.7071291345644,648000.0,31.475713287416085,648000.0,26.983731890508896,648000.0,26.988532435422297,648000.0,28.516600371709508,648000.0,22.922040761582927,648000.0,22.95194479988367,648000.0,46.728796331041565,648000.0,0.0,648000.0,0.0,648000.0,0.0,648000.0,0.0
660000.0,24.29135649722967,660000.0,20.760130710515202,660000.0,23.62728863308797,660000.0,31.70529330525895,660000.0,27.017701345020168,660000.0,27.023253567328705,660000.0,26.29960928552102,660000.0,22.71610735084736,660000.0,22.74635890642715,660000.0,46.527900252741446,660000.0,0.0,660000.0,0.0,660000.0,0.0,660000.0,0.0
672000.0,24.20856308147155,672000.0,20.604945319238393,672000.0,23.553099777885663,672000.0,31.926674743856527,672000.0,27.049886543732836,672000.0,27.055409641176727,672000.0,35.09501377393528,672000.0,22.51674746392767,672000.0,22.54725199948948,672000.0,46.33658151562501,672000.0,0.0,672000.0,0.5199996360000003,672000.0,0.0,672000.0,0.0
684000.0,24.153013613524404,684000.0,20.469149774672964,684000.0,23.4910133655145,684000.0,32.105819463904005,684000.0,27.075097517011265,684000.0,27.080497126973487,684000.0,35.543738700904846,684000.0,22.35924839786415,684000.0,22.390049526697226,684000.0,46.18542984346192,684000.0,0.0,684000.0,0.0,684000.0,0.0,684000.0,0.0
696000.0,24.041062282921967,696000.0,20.324115342548787,696000.0,23.420704405317917,696000.0,32.31298312203167,696000.0,27.103126969622192,696000.0,27.108742551797025,696000.0,27.953445278605404,696000.0,22.189760839028704,696000.0,22.221373395399006,696000.0,46.01520323959318,696000.0,0.0,696000.0,0.0,696000.0,0.0,696000.0,0.0
708000.0,23.94767687330978,708000.0,20.17796726839859,708000.0,23.35479181683144,708000.0,32.513443997957225,708000.0,27.12937081053972,708000.0,27.135418053400738,708000.0,34.80780356510177,708000.0,22.025750553808845,708000.0,22.057842110678518,708000.0,45.854237625447944,708000.0,0.0,708000.0,0.5199996360000003,708000.0,0.0,708000.0,0.0
720000.0,23.9015045607674,720000.0,20.069803219606907,720000.0,23.299260628234894,720000.0,32.676825609721575,720000.0,27.15016434053391,720000.0,27.156599211324597,720000.0,30.513826500302656,720000.0,21.89227942664392,720000.0,21.924778981793573,720000.0,45.7251788433829,720000.0,0.0,720000.0,0.0,720000.0,0.0,720000.0,0.0
732000.0,23.793934746188295,732000.0,19.944014638260033,732000.0,23.240458579300245,732000.0,32.863383157322126,732000.0,27.17347790605009,732000.0,27.180089761476417,732000.0,34.95193151628814,732000.0,21.750377634020168,732000.0,21.783512753811348,732000.0,45.58240028040955,732000.0,0.0,732000.0,0.5199996360000003,732000.0,0.0,732000.0,0.0
744000.0,23.74388645505001,744000.0,19.847754649887385,744000.0,23.191056259489915,744000.0,33.01724372033238,744000.0,27.19223981970186,744000.0,27.199214991559558,744000.0,30.352511884189596,744000.0,21.634161294204056,744000.0,21.667771885781395,744000.0,45.46781238359478,744000.0,0.0,744000.0,0.0,744000.0,0.0,744000.0,0.0
756000.0,23.6129529681075,756000.0,19.72866930412736,756000.0,23.13707569707497,756000.0,33.19327862159452,756000.0,27.21338608543146,756000.0,27.22048082149007,756000.0,25.686306271861366,756000.0,21.50496629158058,756000.0,21.53904898353435,756000.0,45.33942345502261,756000.0,0.0,756000.0,0.0,756000.0,0.0,756000.0,0.0
768000.0,23.5467767130269,768000.0,19.69463861134102,768000.0,23.11709100177994,768000.0,33.2520043740757,768000.0,27.220360473657397,768000.0,27.22750382422201,768000.0,23.69342610333228,768000.0,21.449527417070215,768000.0,21.48324923202807,768000.0,45.29558000640985,768000.0,0.0,768000.0,0.0,768000.0,0.0,768000.0,0.0
780000.0,23.529486000188662,780000.0,19.683099751793872,780000.0,23.10982602731257,780000.0,33.269511153820844,780000.0,27.222438428719418,780000.0,27.229580155462543,780000.0,23.38066558197074,780000.0,21.430834915199377,780000.0,21.464371880991482,780000.0,45.28230771042685,780000.0,0.0,780000.0,0.0,780000.0,0.0,780000.0,0.0
792000.0,23.515019753888257,792000.0,19.673027897303935,792000.0,23.10406124194799,792000.0,33.28404377870018,792000.0,27.224155658688144,792000.0,27.23130139726531,792000.0,23.153283256025894,792000.0,21.414931720311426,792000.0,21.4483045809099,792000.0,45.271231374541664,792000.0,0.0,792000.0,0.0,792000.0,0.0,792000.0,0.0
804000.0,23.499463877329397,804000.0,19.661980911592572,804000.0,23.09813237809677,804000.0,33.29983948869831,804000.0,27.226013002357774,804000.0,27.23317238508812,804000.0,22.906637109566493,804000.0,21.397307985030704,804000.0,21.43049594552241,804000.0,45.25909809204406,804000.0,0.0,804000.0,0.0,804000.0,0.0,804000.0,0.0
816000.0,23.484512940152353,816000.0,19.65161855196357,816000.0,23.092580158409827,816000.0,33.31526559902572,816000.0,27.227824228305483,816000.0,27.23499933186908,816000.0,22.69269927779283,816000.0,21.37986358262729,816000.0,21.412868199398503,816000.0,45.247175253717685,816000.0,0.0,816000.0,0.0,816000.0,0.0,816000.0,0.0
828000.0,23.471679570946545,828000.0,19.64240354262647,828000.0,23.08794613483791,828000.0,33.32839796543669,828000.0,27.229360447444282,828000.0,27.236555750769007,828000.0,22.52862191576023,828000.0,21.364920269678375,828000.0,21.397769099194075,828000.0,45.2370001322115,828000.0,0.0,828000.0,0.0,828000.0,0.0,828000.0,0.0
840000.0,23.459348912828695,840000.0,19.633780533250683,840000.0,23.08379555308598,840000.0,33.34085852935481,840000.0,27.230815146996168,840000.0,27.238033808314402,840000.0,22.386308577145016,840000.0,21.350675854157817,840000.0,21.383378308336972,840000.0,45.22731490632334,840000.0,0.0,840000.0,0.0,840000.0,0.0,840000.0,0.0
852000.0,23.44448979452786,852000.0,19.62373401466471,852000.0,23.078759889637862,852000.0,33.35617802027811,852000.0,27.23260450729307,852000.0,27.2398516878101,852000.0,22.23150142722507,852000.0,21.333039614582596,852000.0,21.36556453134446,852000.0,45.21531846445298,852000.0,0.0,852000.0,0.0,852000.0,0.0,852000.0,0.0
864000.0,23.433916107878865,864000.0,19.616201011598573,864000.0,23.075058469663595,864000.0,33.36729082063497,864000.0,27.233898270256244,864000.0,27.24116893597449,864000.0,22.131963173926202,864000.0,21.32028181332894,864000.0,21.352681272756456,864000.0,45.2066306498235,864000.0,0.0,864000.0,0.0,864000.0,0.0,864000.0,0.0
876000.0,23.42003861929559,876000.0,19.606238619033626,876000.0,23.070400997461157,876000.0,33.381906583729965,876000.0,27.23559716190448,876000.0,27.242904953610978,876000.0,22.015488272117384,876000.0,21.303431612701385,876000.0,21.335669814291265,876000.0,45.19512719226375,876000.0,0.0,876000.0,0.0,876000.0,0.0,876000.0,0.0
888000.0,23.406526926034203,888000.0,19.59717891153839,888000.0,23.06615021895094,888000.0,33.395833014131036,888000.0,27.237217395310186,888000.0,27.244559451303967,888000.0,21.91662316555165,888000.0,21.28738957272625,888000.0,21.319479449012295,888000.0,45.18413498932343,888000.0,0.0,888000.0,0.0,888000.0,0.0,888000.0,0.0
900000.0,23.392977356138168,900000.0,19.587392437153493,900000.0,23.06168607840749,900000.0,33.41036867239148,900000.0,27.23890365180043,900000.0,27.24628549056274,900000.0,21.82649824176356,900000.0,21.270677425739386,900000.0,21.302618346992432,900000.0,45.17263687542747,900000.0,0.0,900000.0,0.0,900000.0,0.0,900000.0,0.0
912000.0,23.378811067763895,912000.0,19.577738047111687,912000.0,23.05720356976785,912000.0,33.425181335540465,912000.0,27.240621860108487,912000.0,27.248045909391617,912000.0,21.745060395411958,912000.0,21.253694128346442,912000.0,21.285490106879166,912000.0,45.16089495795732,912000.0,0.0,912000.0,0.0,912000.0,0.0,912000.0,0.0
924000.0,23.36407257777129,924000.0,19.56794183027018,924000.0,23.05257339014005,924000.0,33.44057811894292,924000.0,27.24240874079863,924000.0,27.24987527748973,924000.0,21.67025968604011,924000.0,21.236100287283826,924000.0,21.267753039307298,924000.0,45.14866206720704,924000.0,0.0,924000.0,0.0,924000.0,0.0,924000.0,0.0
936000.0,23.35150499585461,936000.0,19.559189289327445,936000.0,23.048595747126562,936000.0,33.45372601211689,936000.0,27.243932100122148,936000.0,27.251437895964028,936000.0,21.61354828808017,936000.0,21.221181698695016,936000.0,21.252718697877356,936000.0,45.138232999642,936000.0,0.0,936000.0,0.0,936000.0,0.0,936000.0,0.0
948000.0,23.339686856945264,948000.0,19.55116941559393,948000.0,23.045073319852456,948000.0,33.465898222584386,948000.0,27.245341391893724,948000.0,27.252884840572683,948000.0,21.566079552889303,948000.0,21.20745091266473,948000.0,21.2388861776542,948000.0,45.128586849189425,948000.0,0.0,948000.0,0.0,948000.0,0.0,948000.0,0.0
960000.0,23.32509620126284,960000.0,19.54160751197656,960000.0,23.04061914605917,960000.0,33.48117493228308,960000.0,27.24711310910155,960000.0,27.25470077275367,960000.0,21.512816724662027,960000.0,21.190250894894984,960000.0,21.221565144773844,960000.0,45.116434402435466,960000.0,0.0,960000.0,0.0,960000.0,0.0,960000.0,0.0
972000.0,23.31401215549889,972000.0,19.533870661322947,972000.0,23.03707588883977,972000.0,33.492967845063205,972000.0,27.248477503393218,972000.0,27.256101156316586,972000.0,21.475891709104392,972000.0,21.177102538764366,972000.0,21.20832918631086,972000.0,45.10709384074447,972000.0,0.0,972000.0,0.0,972000.0,0.0,972000.0,0.0
984000.0,23.302198264967853,984000.0,19.52561970400086,984000.0,23.033395638465645,984000.0,33.50567472976067,984000.0,27.24994771910018,984000.0,27.257611771683816,984000.0,21.439771131021626,984000.0,21.1630005471971,984000.0,21.194138055099028,984000.0,45.09702526355818,984000.0,0.0,984000.0,0.0,984000.0,0.0,984000.0,0.0
996000.0,23.289200902516573,996000.0,19.517224951116557,996000.0,23.02955949523153,996000.0,33.51926952710932,996000.0,27.251523679827212,996000.0,27.259227786687045,996000.0,21.404394622832385,996000.0,21.14797788363801,996000.0,21.179025887247345,996000.0,45.0862384845836,996000.0,0.0,996000.0,0.0,996000.0,0.0,996000.0,0.0
1008000.0,23.275528926550603,1008000.0,19.50762971383471,1008000.0,23.025304314245574,1008000.0,33.53408094363566,1008000.0,27.25323679661359,1008000.0,27.26098725618507,1008000.0,21.36990982597351,1008000.0,21.131719516603567,1008000.0,21.162676897223832,1008000.0,45.07449511672147,1008000.0,0.0,1008000.0,0.0,1008000.0,0.0,1008000.0,0.0
1020000.0,23.26185414973093,1020000.0,19.49855722805763,1020000.0,23.02118266382695,1020000.0,33.54853810424857,1020000.0,27.2549096898781,1020000.0,27.26270543771096,1020000.0,21.33928261932806,1020000.0,21.115973820950412,1020000.0,21.14684985484002,1020000.0,45.06305228023721,1020000.0,0.0,1020000.0,0.0,1020000.0,0.0,1020000.0,0.0
1032000.0,23.24701350285491,1032000.0,19.48896005900312,1032000.0,23.01670912972209,1032000.0,33.564182179045375,1032000.0,27.256722257818897,1032000.0,27.264564519636416,1032000.0,21.309150196764804,1032000.0,21.09905079675789,1032000.0,21.129846246808885,1032000.0,45.0506746707758,1032000.0,0.0,1032000.0,0.0,1032000.0,0.0,1032000.0,0.0
1044000.0,23.23358619201995,1044000.0,19.479963282917804,1044000.0,23.012653784092354,1044000.0,33.57824123519838,1044000.0,27.258349249601242,1044000.0,27.266234685960956,1044000.0,21.284437288820815,1044000.0,21.083988286403592,1044000.0,21.114717971174535,1044000.0,45.03959115445143,1044000.0,0.0,1044000.0,0.0,1044000.0,0.0,1044000.0,0.0
1056000.0,23.22224018822189,1056000.0,19.472497245922856,1056000.0,23.00934920931395,1056000.0,33.59011011899174,1056000.0,27.25972280544201,1056000.0,27.267644204079666,1056000.0,21.26508546043311,1056000.0,21.071391601781123,1056000.0,21.10207059210058,1056000.0,45.030274876737984,1056000.0,0.0,1056000.0,0.0,1056000.0,0.0,1056000.0,0.0
1068000.0,23.208129485066628,1068000.0,19.4635398724949,1068000.0,23.00514941601228,1068000.0,33.605006063291704,1068000.0,27.261450247138125,1068000.0,27.269412892621904,1068000.0,21.242615428091923,1068000.0,21.055644371747896,1068000.0,21.086265299408804,1068000.0,45.01856523089202,1068000.0,0.0,1068000.0,0.0,1068000.0,0.0,1068000.0,0.0
1080000.0,23.197682258999926,1080000.0,19.45642036670156,1080000.0,23.00188075656108,1080000.0,33.61619915175154,1080000.0,27.262745204329807,1080000.0,27.27074009965636,1080000.0,21.22686710371534,1080000.0,21.04395089214837,1080000.0,21.074532504059285,1080000.0,45.00982699223205,1080000.0,0.0,1080000.0,0.0,1080000.0,0.0,1080000.0,0.0
1092000.0,23.185680377678885,1092000.0,19.448221925424527,1092000.0,22.998223627423116,1092000.0,33.629199925863034,1092000.0,27.2642498294154,1092000.0,27.272284017104514,1092000.0,21.20974966604715,1092000.0,21.030435732643827,1092000.0,21.060975984749884,1092000.0,44.99968110661372,1092000.0,0.0,1092000.0,0.0,1092000.0,0.0,1092000.0,0.0
1104000.0,23.17280479874406,1104000.0,19.440099426709942,1104000.0,22.994506203801212,1104000.0,33.64276057149284,1104000.0,27.26582257313884,1104000.0,27.273894225608895,1104000.0,21.192848330622905,1104000.0,21.016426050616985,1104000.0,21.046927967810937,1104000.0,44.98910939701633,1104000.0,0.0,1104000.0,0.0,1104000.0,0.0,1104000.0,0.0
1116000.0,23.159570693668485,1116000.0,19.43102299940258,1116000.0,22.99045371553891,1116000.0,33.65720051413526,1116000.0,27.26749373006137,1116000.0,27.275607485152452,1116000.0,21.1760862377523,1116000.0,21.00162430118397,1116000.0,21.032090537473945,1116000.0,44.97788292372952,1116000.0,0.0,1116000.0,0.0,1116000.0,0.0,1116000.0,0.0
1128000.0,23.146838857344868,1128000.0,19.422887236435624,1128000.0,22.986698387828614,1128000.0,33.67068883425495,1128000.0,27.269056667398853,1128000.0,27.277208588258702,1128000.0,21.161170294636282,1128000.0,20.987919233129478,1128000.0,21.018356974842593,1128000.0,44.967436079614856,1128000.0,0.0,1128000.0,0.0,1128000.0,0.0,1128000.0,0.0
1140000.0,23.132532015073902,1140000.0,19.413899267743545,1140000.0,22.982422179338222,1140000.0,33.68593867949422,1140000.0,27.270826511975798,1140000.0,27.279018287174825,1140000.0,21.145192367720327,1140000.0,20.972524368883636,1140000.0,21.00293500898738,1140000.0,44.955639270026815,1140000.0,0.0,1140000.0,0.0,1140000.0,0.0,1140000.0,0.0
1152000.0,23.119528850332557,1152000.0,19.405396778440654,1152000.0,22.978547257483637,1152000.0,33.699643736181905,1152000.0,27.272415471161263,1152000.0,27.28064427222736,1152000.0,21.131506760921738,1152000.0,20.958827557476017,1152000.0,20.989218394431624,1152000.0,44.945091201154305,1152000.0,0.0,1152000.0,0.0,1152000.0,0.0,1152000.0,0.0
1164000.0,23.108234784030987,1164000.0,19.398165039518066,1164000.0,22.975317394241284,1164000.0,33.71151273600287,1164000.0,27.273791834667776,1164000.0,27.282052105553156,1164000.0,21.120094448737234,1164000.0,20.94707567944091,1164000.0,20.9774527359086,1164000.0,44.93600276734251,1164000.0,0.0,1164000.0,0.0,1164000.0,0.0,1164000.0,0.0
1176000.0,23.094574407110635,1176000.0,19.389720774945726,1176000.0,22.971293206262533,1176000.0,33.726031916114565,1176000.0,27.275479400230335,1176000.0,27.28377401783282,1176000.0,21.10670099557798,1176000.0,20.932764195487064,1176000.0,20.963128285295216,1176000.0,44.92488505380357,1176000.0,0.0,1176000.0,0.0,1176000.0,0.0,1176000.0,0.0
1188000.0,23.0841474655613,1188000.0,19.382778379780667,1188000.0,22.968075928578234,1188000.0,33.73723985263164,1188000.0,27.2767788699873,1188000.0,27.285101641948952,1188000.0,21.09670341008355,1188000.0,20.92184307196381,1188000.0,20.9522000133414,1188000.0,44.916367006764354,1188000.0,0.0,1188000.0,0.0,1188000.0,0.0,1188000.0,0.0
1200000.0,23.07338978822874,1200000.0,19.375614387766007,1200000.0,22.96483973781562,1200000.0,33.74901995986287,1200000.0,27.278146088136236,1200000.0,27.28649886781249,1200000.0,21.086550431336416,1200000.0,20.910434725599966,1200000.0,20.940786789089543,1200000.0,44.90743748381455,1200000.0,0.0,1200000.0,0.0,1200000.0,0.0,1200000.0,0.0
1212000.0,23.061489763055743,1212000.0,19.3683573883933,1212000.0,22.96143576901378,1212000.0,33.76164329106733,1212000.0,27.279614711484236,1212000.0,27.287995831754866,1212000.0,21.07587799821413,1212000.0,20.89826829691657,1212000.0,20.928617967654173,1212000.0,44.897877126673436,1212000.0,0.0,1212000.0,0.0,1212000.0,0.0,1212000.0,0.0
1224000.0,23.04866175001488,1224000.0,19.35976699371258,1224000.0,22.957554023024795,1224000.0,33.775719746884874,1224000.0,27.281248760920086,1224000.0,27.289664066323333,1224000.0,21.06441098935888,1224000.0,20.884795735464614,1224000.0,20.915145939789046,1224000.0,44.887247862432154,1224000.0,0.0,1224000.0,0.0,1224000.0,0.0,1224000.0,0.0
1236000.0,23.036319952634923,1236000.0,19.352061584026092,1236000.0,22.953959309251868,1236000.0,33.78886896792429,1236000.0,27.28277711595022,1236000.0,27.29122345775975,1236000.0,21.0538776589035,1236000.0,20.87231746087001,1236000.0,20.902671269610007,1236000.0,44.87736366796275,1236000.0,0.0,1236000.0,0.0,1236000.0,0.0,1236000.0,0.0
1248000.0,23.022424898461644,1248000.0,19.343548755759553,1248000.0,22.94984887186164,1248000.0,33.80373609189362,1248000.0,27.284508074697694,1248000.0,27.29298642193103,1248000.0,21.04224620335818,1248000.0,20.858295155583164,1248000.0,20.888656336316803,1248000.0,44.86620926321714,1248000.0,0.0,1248000.0,0.0,1248000.0,0.0,1248000.0,0.0
1250352.0,23.019867900878676,1250352.0,19.341869234606367,1250352.0,22.949066507443856,1250352.0,33.80643745188289,1250352.0,27.28482241148918,1250352.0,27.293306321806035,1250352.0,21.040169895950722,1250352.0,20.855789287897217,1250352.0,20.886152159551163,1250352.0,44.864210590603655,1250352.0,0.0,1250352.0,0.0,1250352.0,0.0,1250352.0,0.0
1250352.5,23.01980263542378,1250352.5,19.34176325098639,1250352.5,22.94905582735264,1250352.5,33.806866360242886,1250352.5,27.284875971346928,1250352.5,27.29335971764187,1250352.5,21.040097293275984,1250352.5,20.855566331058917,1250352.5,20.885929363226182,1250352.5,44.86393311699404,1250352.5,0.0,1250352.5,0.0,1250352.5,0.0,1250352.5,0.0
